;25-Й ЧАС ;;25-Й ЧАС.jpg;none
24;25-й час - 25-Й ЧАС ЭНЕРГИИ 20 шт.;479;25-й час - 25-Й ЧАС ЭНЕРГИИ 20 шт.jpg;
;BE FIRST ;;BE FIRST.jpg;none
45;Be First - SHAKER 700 мл.;137;Be First - SHAKER 700 мл.jpg;
;BIO TECH ;;BIO TECH .jpg;"BioTech – это известный бренд на рынке спортивного питания из США, занимающий лидирующие позиции качества и инновационных технологий уже 20 лет, как в американских, так и в европейских рейтингах.
Кредо компании, выраженное в слогане: «Наш опыт – ваши результаты!», – обязывает BioTech тщательно следить за качеством и эффективностью своих разработок. Контроль осуществляется от стадии выбора и подготовки сырьевых ресурсов до удобства различных форм упаковки для потребителя."
18;Bio tech creatin 100гр.;195;Bio tech creatin 100гр.jpg;
18;Bio tech creatin 300гр.;422;Bio tech creatin 300гр.jpg;
18;Bio tech creatin 500гр.;585;Bio tech creatin 500гр.jpg;
18;Bio tech creatin 1000гр.;1054;Bio tech creatin 1000гр.jpg;
6;bio tech 100 % ISO Whey;618;bio tech 100 % ISO Whey;
1;BioTech - Amino ST 5300 (120 табл).;нет цены;BioTech - Amino ST 5300 (120 табл).jpg;
1;BioTech - Amino ST 5300 (350 табл).;1445;BioTech - Amino ST 5300 (350 табл).jpg;
21;BioTech - Hyper Mass 5000 (1000 г) вкус — ваниль.;2897;BioTech - Hyper Mass 5000 (1000 г) вкус — ваниль.jpg;
7;BioTech - Stimulator M2000 (1520 г) вкус — клюква.;1958;BioTech - Stimulator M2000 (1520 г) вкус — клюква.jpg;
;BSN ;;BSN.jpg;"Представляем всемирно известного производителя спортивного питания компанию BSN . 
Компания BSN основана в 2001 году и на данный момент по праву может считаться одним из лидеров на рынке спортивного питания. Компания BSN предлогает своим клиентам только самые инновационные разработки, эксклюзивные формулы и самые интересные решения. В арсенале компании Компания BSN Вы сможете найти множество высококачественных продуктов разного рода действия. Спортивное питание BSN создано, главным образом, для улучшения физической формы, укрепления здоровья, повышения общей и тренировочной производительности. У любого человека желающего изменить себя, есть возможность легко добиться желаемого результата с помощью спортивных добавок от BSN. Спортивное питание разработанное и изготовленное по высокотехнологичным биоинженерным технологиям даст вам огромное преимущество, позволяющее построить тело, о котором вы всегда мечтали, помогая добиваться новых результатов легко и быстро!"
27;BSN - ATRO-PHEX 48 кап. ;1224;BSN - ATRO-PHEX 48 кап.jpg ;
3;BSN - LEAN DESSERT 630 г.;1033;BSN - LEAN DESSERT 630 г.jpg;
36;BSN - NITRIX 180 таб.;2132;BSN - NITRIX 180 таб.jpg;
36;BSN - NO-XPLODE 820 г.;2222;BSN - NO-XPLODE 820 г.jpg;
36; BSN - NO-XPLODE IGNITER SHOT 12 пак. ;1525; BSN - NO-XPLODE IGNITER SHOT 12 пак.jpg ;
4;BSN - SYNTHA-6 2270 г.;2839;BSN - SYNTHA-6 2270 г.jpg;
4;BSN - SYNTHA-6 1320 г.;1760;BSN - SYNTHA-6 1320 г.jpg;
21;BSN - TRUE MASS 2610 г.;2565;BSN - TRUE MASS 2610 г.jpg;
43;BSN. Volumaize - Arctic Berry 570 г.;1065;BSN.jpg Volumaize - Arctic Berry 570 г.jpg;
36;BSN. EndoRush - Xtreme Strength 237мл. ;126;BSN.jpg EndoRush - Xtreme Strength 237мл.jpg ;
;CYTOGENIX ;;CYTOGENIX.jpg;"Cytogenix Laboratories - компания производитель спортивного питания с узкой специализацией. Cytogenix Laboratories была основана в 1997 году, и со дня основания гордится тем, что все ее добавки свободны от эфедрина Спортивное питание
Cytogenix Laboratories , по всеобщему мнению, имеет высочайшее качество, непревзойденную чистоту, мощность и эффективность. Мы считаем, что проблема снижения веса может быть успешно решена с помощью спортивных добавок. К сожалению, в настоящее время рынок спортивного питания переполнен продуктами, которые представляют собой потенциальный риск для здоровья покупателей. Именно поэтому Cytogenix Laboratories , детально изучая  продукты других производителей, делает только безопасное  и эффективное спортивное питание на основе полученного опыта и научных разработок."
27;Cytogenix - XENADRINE XTREME 120 кап.;2022;Cytogenix - XENADRINE XTREME 120 кап.jpg;
27;Xenadrine RZR-X от Cytogenix.;2018;Xenadrine RZR-X от Cytogenix.jpg;
27;XENADRINE RIPPED - 120 капсул.;2022;XENADRINE RIPPED - 120 капсул.jpg;
;DORIAN YATES ;;DORIAN YATES.jpg;Во взаимодействии с топовыми фармокологами, биохимиками и экспертами пищевой индустрии, работающими в сфере пищевых добавок Дориан Ятс Нутришн создали BLACK BOMBS - мощный сжигатель жира, разработанный для продвинутых и соревнующихся атлетов, отдающих все для сжигания жира без потери, так тяжело набранных мышц. Доказано, что компоненты BLACK BOMBS удивительно уничтожают жир на 15% больше и особенно на 2500% в области живота в отличии от лиц, не принимающих его. Они снижают аппетит, раскручивают метаболизм и по ощущениям напоминают препараты из 60х!
27;Dorian Yates Nutrition - BLACK BOMBS 90 таб.;1933;Dorian Yates Nutrition - BLACK BOMBS 90 таб.jpg;
2;Dorian Yates Nutrition - CREAGEN 600 г.;1848;Dorian Yates Nutrition - CREAGEN 600 г.jpg;
4;Dorian Yates Nutrition - TEMPRO 2270 г.;3318;Dorian Yates Nutrition - TEMPRO 2270 г.jpg;
;DYMATIZE ;;DYMATIZE.jpg;none
16;Dymatize - BCAA COMPLEX 200 кап.;789;Dymatize - BCAA COMPLEX 200 кап.jpg;
16;Dymatize - BCAA COMPLEX 400 кап.;1400;Dymatize - BCAA COMPLEX 400 кап.jpg;
18;Dymatize - CREATINE 1100 г.;1340;Dymatize - CREATINE 1100 г.jpg;
14;Dymatize - GLUTAMINE 300 г.;875;Dymatize - GLUTAMINE 300 г.jpg;
4;Dymatize - GOURMET ELITE 2270 г.;2333;Dymatize - GOURMET ELITE 2270 г.jpg;
4;Dymatize - GOURMET ELITE 908 г.;1135;Dymatize - GOURMET ELITE 908 г.jpg;
6;Dymatize - ISO-100 WHEY 909 г.;1598;Dymatize - ISO-100 WHEY 909 г.jpg;
29;Dymatize - L-CARNITINE LIQUID 484 мл.;635;Dymatize - L-CARNITINE LIQUID 484 мл.jpg;
21;Dymatize - MEGA GAINER 3630 г.;1760;Dymatize - MEGA GAINER 3630 г.jpg;
1;Dymatize - SUPER AMINO 325 таб.;862;Dymatize - SUPER AMINO 325 таб.jpg;
1;Dymatize - SUPER AMINO 450 таб.;1040;Dymatize - SUPER AMINO 450 таб.jpg;
29;Dymatize - SUPER MASS GAINER 2720 г.;1288;Dymatize - SUPER MASS GAINER 2720 г.jpg;
29;Dymatize - SUPER MASS GAINER 5443 г.;2348;Dymatize - SUPER MASS GAINER 5443 г.jpg;
36;Dymatize - X-PAND 240 кап.;1810;Dymatize - X-PAND 240 кап.jpg;
36;Dymatize - X-PAND XTREME PUMP 800 г.;2255;Dymatize - X-PAND XTREME PUMP 800 г.jpg;
35;Dymatize - Z-FORCE 120 кап.;1020;Dymatize - Z-FORCE 120 кап.jpg;
32;Dymatize Tribulus- 650 100 кап.;777;Dymatize Tribulus- 650 100 кап.jpg;
35;Dymatize - Z-FORCE 90 кап.;1020;Dymatize - Z-FORCE 90 кап.jpg;
;GASPARI ;;GASPARI.jpg;Компания Gaspari Nutrition в своей продукции делает акцент на качество продукции, и её эффективность, благодаря чему, среди многочисленных профессиональных спортсменов эта компания ассоциируется с такими словами как качество, доверие и надёжность. Это означает, что, если вы принимаете спортивное питание от компании Gaspari Nutrition, то вы можете не сомневаться и быть уверенны на все 100%, что получите всё самое лучшее и важное для вашего организма, а также в том, что эта продукция обязательно поможет улучшить собственные спортивные достижения и приведёт вас к поставленным целям. 
10;Gaspari Nutrition - AMINOMAX 8000 325 таб.;1403;Gaspari Nutrition - AMINOMAX 8000 325 таб.jpg;
6;Gaspari Nutrition - INTRAPRO PURE PROTEIN 909 г.;2550;Gaspari Nutrition - INTRAPRO PURE PROTEIN 909 г.jpg;
4;Gaspari Nutrition - MYOFUSION HYDRO 909 г.;1508;Gaspari Nutrition - MYOFUSION HYDRO 909 г.jpg;
4;Gaspari Nutrition - MYOFUSION HYDRO 2270 г.;2858;Gaspari Nutrition - MYOFUSION HYDRO 2270 г.jpg;
21;Gaspari Nutrition - REAL MASS 2700 г.;2240;Gaspari Nutrition - REAL MASS 2700 г.jpg;
20;Gaspari Nutrition - SIZE ON 1584 г.;2770;Gaspari Nutrition - SIZE ON 1584 г.jpg;
20;Gaspari Nutrition - SIZE ON 330 г.;783;Gaspari Nutrition - SIZE ON 330 г.jpg;
20;Gaspari Nutrition - SIZE ON PRE 758 г.;2646;Gaspari Nutrition - SIZE ON PRE 758 г.jpg;
36;Gaspari Nutrition - SUPERPUMP 250 800 г.;2040;Gaspari Nutrition - SUPERPUMP 250 800 г.jpg;
32;Gaspari Nutrition - VIRIDEX XT 120 таб.;2016;Gaspari Nutrition - VIRIDEX XT 120 таб.jpg;
;IRON MAN ;;IRON MAN.jpg;none
23;Iron Man - CREA BAR 50 г.;38;Iron Man - CREA BAR 50 г.jpg;
23;Iron Man - ENERGY BAR 50 г.;38;Iron Man - ENERGY BAR 50 г.jpg;
23;Iron Man - SLIM BAR 50 г.;38;Iron Man - SLIM BAR 50 г.jpg;
;ISS ;;ISS.jpg;"Компания ISS была выкуплена у фирмы Europa Sports Products в июле 1999 года ее нынешним президентом Роном МакЭфи, который намеревался создать обширную линию действительно высококачественных продуктов, доступных любому потребителю: домохозяйкам, культуристам, любителям и профессионалам. Отдавая должное чистоте и потенциалу этой линейки продуктов, МакЭфи прекрасно понимал, что ISS был своего рода ""неограненным алмазом"", ждущим своего часа, чтобы стать знаменитым. Сегодня спортивные пищевые добавки от ISS являются хитом продаж в США и Европе. Из пресс-релиза ISS : «Наша компания намерена изменить стандарты спортивного питания. Мы с нетерпением ожидаем, когда придет тот день, когда все производители примут аналогичные стандарты, и независимо от того какие продукты Вы покупаете, независимо от того, у кого вы их покупаете, Вы будете точно знать, что приобретаете чистые, эффективные и безопасные пищевые добавки»."
10;ISS - AMINO 2200 325 таб.;1568;ISS - AMINO 2200 325 таб.jpg;
16;BCAA_120_caps.;нет цены;BCAA_120_caps.jpg;
16;BCAA_180_caps.;729;BCAA_180_caps.jpg;
18;ISS - CREATINE POWER 1000 г.;1222;ISS - CREATINE POWER 1000 г.jpg;
18;ISS - CREATINE POWER 400 г.;685;ISS - CREATINE POWER 400 г.jpg;
35;ISS   SUPER VITAMIN PAK 30 уп.;933;ISS   SUPER VITAMIN PAK 30 уп.jpg;
;JAGUAR ;;JAGUAR.jpg;none
26;DOCTOR L 500 мл. (Jaguar Life Style).;50;DOCTOR L 500 мл.jpg (Jaguar Life Style).jpg;
;MAXLER ;;MAXLER.jpg;Компания  Maxler- это новое слово в разработке спортивного питания. Благодаря уникальной рецептуре продуктов компании «Maxler» - и применению высокотехнологичных разработок  спортивное питание от Maxler - является эталоном качества и вкуса. При производстве спортивного питания компания Maxler  использует только натуральные вкусовые добавки, что позволяет  безошибочно отличить спортивное питание от Maxler среди множества продуктов спортивного питания представленных на рынке. В настоящее время компания Maxlerпредлагает на рынке полный ассортимент спортивного питания, способный удовлетворить требованиям, как профессиональных спортсменов, так и людей, увлеченных спортом. В нашем магазине вы можете купить спортивное питание от Maxler  которое включает в себя все группы продуктов: протеин,гейнер, аминокислоты,креатин,изотонические напитки, витамины и минералы,bcaa. Компания  Maxler – это молодая компания на рынке спортивного питания, поэтому линейка продуктов спортивного питания, представленная компанией Maxler,  постоянно расширяется  в соответствии с потребностями современного спорта.
;Maxler - Black kick;нет цены;Maxler - Black kick;
18;Maxler   CREATINE 500 г.;630;Maxler   CREATINE 500 г.jpg;
29;Maxler   L-CARNITINE 1000 мл;1359;Maxler   L-CARNITINE 1000 мл;
29;Maxler   L-CARNITINE 750 100 кап;627;Maxler   L-CARNITINE 750 100 кап;
21;Maxler   MEGA GAINER 1000 г.;445;Maxler   MEGA GAINER 1000 г.jpg;
21;Maxler - MEGA GAINER 4540 г.;1875;Maxler - MEGA GAINER 4540 г.jpg;
21;Maxler - REAL MASS 4540 г.;2233;Maxler - REAL MASS 4540 г.jpg;
10;Maxler   WHEY AMINO 2000 500 таб.;1266;Maxler   WHEY AMINO 2000 500 таб.jpg;
7;Maxler Ultrafiltration Whey Protein 1000 г.;885;Maxler Ultrafiltration Whey Protein 1000 г.jpg;
7;Maxler Ultrafiltration Whey Protein 2270 г;2134;Maxler Ultrafiltration Whey Protein 2270 г;
;MHP ;;MHP.jpg;none
35;MHP - ACTIVITE 120 таб.;1348;MHP - ACTIVITE 120 таб.jpg;
16;MHP - BCAA 3300 120 кап. ;1010;MHP - BCAA 3300 120 кап.jpg ;
18;MHP - CREATINE MONOHYDRATE 300 г.;600;MHP - CREATINE MONOHYDRATE 300 г.jpg;
27;MHP - DREN 30 кап. ;1348;MHP - DREN 30 кап.jpg ;
14;MHP - GLUTAMINE-SR 300 г.;1010;MHP - GLUTAMINE-SR 300 г.jpg;
4;MHP - PROBOLIC-SR 1816 г.;3026;MHP - PROBOLIC-SR 1816 г.jpg;
4;MHP - PROBOLIC-SR 908 г.;1650;MHP - PROBOLIC-SR 908 г.jpg;
32;MHP - T-BOMB II 168 т.;2695;MHP - T-BOMB II 168 т.jpg;
27;MHP - THYRO SLIM 21 DAY 126 таб.;1320;MHP - THYRO SLIM 21 DAY 126 таб.jpg;
24;MHP - TRAC-TR 425 г.;1988;MHP - TRAC-TR 425 г.jpg;
21;MHP - UP YOUR MASS 908 г.;999;MHP - UP YOUR MASS 908 г.jpg;
21;MHP - UP YOUR MASS 2250 г.;2087;MHP - UP YOUR MASS 2250 г.jpg;
;MULTIPOWER ;;MULTIPOWER.jpg ;none
;Amino Power Liquid 1л.;нет цены;Amino Power Liquid 1л.jpg;
4;Formula 80+ 510г.;2087;Formula 80+ 510г.jpg;
;MUSCLE TECH ;;MUSCLE TECH.jpg;Американский производитель MuscleTech достаточно давно считается самым крупным в мире на рынке товаров спортивного питания. Компания MuscleTech уже много лет занимается производством специализированного питания для спортсменов, поэтому имеет массу запатентованных уникальных разработок, которые отсутствуют у конкурирующих производителей. К тому же, MuscleTech имеет свою исследовательскую лабораторию, в которой постоянно изобретаются и производятся усовершенствованные и более эффективные продукты спортивного питания. 
;Muscle Tech Alpha Amino Prototype 216 (120 caps).;нет цены;Muscle Tech Alpha Amino Prototype 216 (120 caps).jpg;
43;Muscle Tech Anabolic Halo Hardcore Pro Series (920g).;3028;Muscle Tech Anabolic Halo Hardcore Pro Series (920g).jpg;
16;Muscle Tech - BCAA HARDCORE 150 кап.;1082;Muscle Tech - BCAA HARDCORE 150 кап.jpg;
20;Muscle Tech Creakic Hardcore (180 caps).;2312;Muscle Tech Creakic Hardcore (180 caps).jpg;
32;Muscle Tech Cryotest (168 caps).;2758;Muscle Tech Cryotest (168 caps).jpg;
24;Muscle Tech Gakic Pro Series (128 caps).;3165;Muscle Tech Gakic Pro Series (128 caps).jpg;
27;Muscle Tech Hydroxycut Max! Advanced (120 Liquid-Caps).;нет цены;Muscle Tech Hydroxycut Max! Advanced (120 Liquid-Caps).jpg;
27;Muscle Tech - HYDROXYCUT HARDCORE PRO 120 кап.;2060;Muscle Tech - HYDROXYCUT HARDCORE PRO 120 кап.jpg;
42;Muscle Tech Leukic Hardcore (180 caps).;2770;Muscle Tech Leukic Hardcore (180 caps).jpg;
;Muscle Tech Cell-Tech Hardcore Pro Series (3kg).;нет цены;Muscle Tech Cell-Tech Hardcore Pro Series (3kg).jpg;
;Muscle Tech Cell-Tech Hardcore Pro Series (2kg).;нет цены;Muscle Tech Cell-Tech Hardcore Pro Series (2kg).jpg;
21;Muscle Tech Mass-Tech (2270g) 5lb.;2745;Muscle Tech Mass-Tech (2270g) 5lb.jpg;
;Muscle Tech Aplodan (111 tab).;нет цены;Muscle Tech Aplodan (111 tab).jpg;
36;naNo-vapor-hardcore-pro-series-150 caplets.;2815;naNo-vapor-hardcore-pro-series-150 caplets.jpg;
;Muscle Tech Meso-Tech Complete (20 pack).;нет цены;Muscle Tech Meso-Tech Complete (20 pack).jpg;
36;Muscle Tech naNO Vapor Hardcore Pro Series (1,1kg).;2815;Muscle Tech naNO Vapor Hardcore Pro Series (1,1kg).jpg;
;Muscle Tech Hydroxycut Hardcore X (210 liquid caps).;нет цены;Muscle Tech Hydroxycut Hardcore X (210 liquid caps).jpg;
;Muscle Tech Hydroxycut Max! Advanced (40 packets).;нет цены;Muscle Tech Hydroxycut Max! Advanced (40 packets).jpg;
;Muscle Tech Hardcore MuscleBuilding Stack (244 caps).;нет цены;Muscle Tech Hardcore MuscleBuilding Stack (244 caps).jpg;
;Muscle Tech naNO Vapor Hardcore Pro Series (1,4kg).;нет цены;Muscle Tech naNO Vapor Hardcore Pro Series (1,4kg).jpg;
;Muscle Tech Nitro-Tech Hardcore Bar (80g).;нет цены;Muscle Tech Nitro-Tech Hardcore Bar (80g).jpg;
;Muscle Tech Meso-Tech Complete Bar (85g).;нет цены;Muscle Tech Meso-Tech Complete Bar (85g).jpg;
36;Muscle Tech naNOX9 Hardcore Pro Series (180 caps).;3410;Muscle Tech naNOX9 Hardcore Pro Series (180 caps).jpg;
36;Muscle Tech NEUROCORE 210 г.;1880;Muscle Tech NEUROCORE 210 г.jpg;
10;Muscle Tech Nitro Amino FX (385g).;1470;Muscle Tech Nitro Amino FX (385g).jpg;
;Muscle Tech Myo Shock (140 caps).;нет цены;Muscle Tech Myo Shock (140 caps).jpg;
;Muscle Tech Hydroxycut Max! Advanced (120 Liquid-Caps).;нет цены;Muscle Tech Hydroxycut Max! Advanced (120 Liquid-Caps).jpg;
;Muscle Tech IntraVol (960g).;нет цены;Muscle Tech IntraVol (960g).jpg;
;naNo-vapor-hardcore-pro-series-150 caplets.;нет цены;naNo-vapor-hardcore-pro-series-150 caplets.jpg;
;Muscle Tech Creatine 6000ES (510g).;нет цены;Muscle Tech Creatine 6000ES (510g).jpg;
6;Muscle Tech - NITRO ISOLATE 65 PRO 953 г.;2470;Muscle Tech - NITRO ISOLATE 65 PRO 953 г.jpg;
6;Muscle Tech - NITRO TECH PRO 1816 г.;3840;Muscle Tech - NITRO TECH PRO 1816 г.jpg;
;Muscle Tech Vitakic Hardcore (150 caps).;2100;Muscle Tech Vitakic Hardcore (150 caps).jpg;
;Muscle Tech Nitro-Tech NOP-47 (736g).;нет цены;Muscle Tech Nitro-Tech NOP-47 (736g).jpg;
;Muscle Tech Nitro-Tech Hardcore Pro Series (907g).;2705;Muscle Tech Nitro-Tech Hardcore Pro Series (907g).jpg;
7;Whey_Protein_Muscle_Tech_Nitro_Tech_Hardcore_Pro_Series_1800gr.;2528;Whey_Protein_Muscle_Tech_Nitro_Tech_Hardcore_Pro_Series_1800gr.jpg;
;NUTREX ;;NUTREX.jpg;none
27;Nutrex - LIPO-6 120 кап.;1535;Nutrex - LIPO-6 120 кап.jpg;
27;Nutrex - LIPO-6 BLACK 120 кап.;1995;Nutrex - LIPO-6 BLACK 120 кап.jpg;
27;Nutrex - LIPO-6 BLACK HERS 120 кап.;2200;Nutrex - LIPO-6 BLACK HERS 120 кап.jpg;
7;Nutrex - LIPO-6X 120 кап.;2122;Nutrex - LIPO-6X 120 кап.jpg;
;OLIMP ;;OLIMP.jpg;none
16;Olimp - BCAA  Mega Caps (120 кап).;нет цены;Olimp - BCAA  Mega Caps (120 кап).jpg;
;Olimp - Gain Bolic 6000 (4000 г).;нет цены;Olimp - Gain Bolic 6000 (4000 г).jpg;
;Olimp - Gainerator (3200 г) вкус - ваниль.;нет цены;Olimp - Gainerator (3200 г) вкус - ваниль.jpg;
;Olimp - Mega Caps (300 кап).;нет цены;Olimp - Mega Caps (300 кап).jpg;
6;Olimp Pure Whey Isolate 95 (2200 г) вкус - шоколад.;нет цены;Olimp Pure Whey Isolate 95 (2200 г) вкус - шоколад.jpg;
6;Olimp  Pure Whey Isolate 95 (1000 г) вкус - шоколад.;1845;Olimp  Pure Whey Isolate 95 (1000 г) вкус - шоколад.jpg;
6;Olimp - Pure Whey Isolate 95 (600 г) вкус - ваниль.;1055;Olimp - Pure Whey Isolate 95 (600 г) вкус - ваниль.jpg;
;Optimum Nutrition.;;Optimum Nutrition.jpg;Компания Optimum Nutrition известна широким спектром сбалансированных и высокотехнологичных продуктов для питания спортсменов и атлетов – это и протеины, и аминокислоты, гейнеры и многое другое. Положительные отзывы от профессиональных спортсменов и бодибилдеров об Optimum Nutrition можно услышать по всему миру. 
8;On - 100% SOY PROTEIN 909 г.;760;On - 100% SOY PROTEIN 909 г.jpg;
7;On - 100% WHEY PROTEIN 2270 г.;3280;On - 100% WHEY PROTEIN 2270 г.jpg;
7;On - 100% WHEY PROTEIN 4540 г.;6135;On - 100% WHEY PROTEIN 4540 г.jpg;
7;On - 100% WHEY PROTEIN 909 г.;1582;On - 100% WHEY PROTEIN 909 г.jpg;
10;On - AMINO 2222 160 таб.;438;On - AMINO 2222 160 таб.jpg;
10;On - AMINO 2222 320 таб.;866;On - AMINO 2222 320 таб.jpg;
16;On - BCAA 1000 200 кап.;808;On - BCAA 1000 200 кап.jpg;
16;On - BCAA 1000 400 кап.;1307;On - BCAA 1000 400 кап.jpg;
16;On - BCAA 1000 60 кап.;330;On - BCAA 1000 60 кап.jpg;
16;On - BCAA + Creatine Powder.;нет цены;On - BCAA + Creatine Powder.jpg;
;On - CGT-10 (600g).;нет цены;On - CGT-10 (600g).jpg;
16;On - BCAA 5000 Powder (380 г) вкус - апельсин.;1450;On - BCAA 5000 Powder (380 г) вкус - апельсин.jpg;
5;On - CASEIN PROTEIN 1818 г.;3072;On - CASEIN PROTEIN 1818 г.jpg;
5;On - CASEIN PROTEIN 909 г.;1853;On - CASEIN PROTEIN 909 г.jpg;
18;On - Creatine 2500 100капс.;645;On - Creatine 2500 100капс.jpg;
18;On - Creatine 2500 200капс.;1185;On - Creatine 2500 200капс.jpg;
18;On - Creatine 2500 Caps (300 caps).;нет цены;On - Creatine 2500 Caps (300 caps).jpg;
18;On - Creatine Powder 600г.;нет цены;On - Creatine Powder 600г.jpg;
18;On - Creatine Powder 300г.;512;On - Creatine Powder 300г.jpg;
18;On - Creatine Powder 1200 г.;нет цены;On - Creatine Powder 1200 г.jpg;
;On - HMB 1000mg (90 сaps).;;On - HMB 1000mg (90 сaps).jpg;
;On - Essential Amino Energy.;нет цены;On - Essential Amino Energy.jpg;
34;On - Fish Oil (200 softgel).;нет цены;On - Fish Oil (200 softgel).jpg;
34;On - Flaxseed Oil 1000mg (100 softgel).;нет цены;On - Flaxseed Oil 1000mg (100 softgel).jpg;
34;On - Flaxseed Oil 1000mg (200 softgel).;нет цены;On - Flaxseed Oil 1000mg (200 softgel).jpg;
17;On - Creatine Powder 2000 г.;нет цены;On - Creatine Powder 2000 г.jpg;
;On - Platinum Hydrowhey (454 г) вкус - шоколад.;нет цены;On - Platinum Hydrowhey (454 г) вкус - шоколад.jpg;
;On - Platinum Hydrowhey (795 г) вкус - ваниль.;1888;On - Platinum Hydrowhey (795 г) вкус - ваниль.jpg;
21;On - PRO COMPLEX 2226 г.;3845;On - PRO COMPLEX 2226 г.jpg;
;On - ZMA (90 caps).;нет цены;On - ZMA (90 caps).jpg;
;On - ZMA (180 caps).;нет цены;On - ZMA (180 caps).jpg;
38;On - Super Antioxidants (60 caps).;нет цены;On - Super Antioxidants (60 caps).jpg;
38;On - Super Antioxidants (120 caps).;нет цены;On - Super Antioxidants (120 caps).jpg;
;On - Thermo Cuts 100капс.;нет цены;On - Thermo Cuts 100капс.jpg;
;On - Thermo Cuts 200капс.;нет цены;On - Thermo Cuts 200капс.jpg;
;Optimum Nutrition Classic Whey (912g) 2lb.;нет цены;Optimum Nutrition Classic Whey (912g) 2lb.jpg;
;Optimum Nutrition Classic Whey (2273g) 5lb.;нет цены;Optimum Nutrition Classic Whey (2273g) 5lb.jpg;
;On - Opti-Women (60 caps).;нет цены;On - Opti-Women (60 caps).jpg;
;On - Opti-Women (120 caps).;нет цены;On - Opti-Women (120 caps).jpg;
;On - PRO COMPLEX GAINER (2310 г) вкус - шоколад.;нет цены;On - PRO COMPLEX GAINER (2310 г) вкус - шоколад.jpg;
;On - PRO COMPLEX GAINER (4620г) вкус - шоколад.;нет цены;On - PRO COMPLEX GAINER (4620г) вкус - шоколад.jpg;
;On - Serious Mass 1300г вкус — ваниль.;нет цены;On - Serious Mass 1300г вкус — ваниль.jpg;
;On - Serious Mass 2727г вкус - ваниль.;нет цены;On - Serious Mass 2727г вкус - ваниль.jpg;
;On - Serious Mass 5455г вкус — ваниль.;нет цены;On - Serious Mass 5455г вкус — ваниль.jpg;
45;On - Shaker 700ml.;нет цены;On - Shaker 700ml.jpg;
;On - Pre-Load Creatine Complex (908g).;нет цены;On - Pre-Load Creatine Complex (908g).jpg;
;On - Platinum Hydrowhey (1590g).;нет цены;On - Platinum Hydrowhey (1590g).jpg;
21;On - Pro Complex (1045g).;нет цены;On - Pro Complex (1045g).jpg;
21;On - Pro Complex (2090g).;нет цены;On - Pro Complex (2090g).jpg;
;ABB - PURE PRO 2043 г.;2905;ABB - PURE PRO 2043 г.jpg;
;On - SERIOUS MASS 2724 г.;1670;On - SERIOUS MASS 2724 г.jpg;
;On - SERIOUS MASS 5448 г.;2855;On - SERIOUS MASS 5448 г.jpg;
;On - SUPERIOR AMINO 2222 150 кап.;665;On - SUPERIOR AMINO 2222 150 кап.jpg;
;On - SUPERIOR AMINO 2222 300 кап.;1239;On - SUPERIOR AMINO 2222 300 кап.jpg;
;POWER SYSTEM ;;POWER SYSTEM.jpg;Спортивное питание Power System  является законченным набором продуктов и пищевых добавок для спортивного питания. Употребление спортивного питания Power System по правилам, приведенным на нашем сайте, позволяет быстро нарастить или напротив уменьшить мышечную массу тела, уменьшить жировые отложения, сформировать правильно и гармонично развитую фигуру. Спортивные добавки  Power System предназначены как для профессиональных спортсменов, так и для широкого круга любителей. И для тех, чья цель победа на соревнованиях высокого ранга и для тех, кто хотел бы талию потоньше и/или плечи пошире. Это легко объясняется следующими обстоятельствами: состав всех продуктов спортивного питания Power System не содержит допинга, не использует искусственные гормоны или про-гормоны. Это запрещено законодательством Германии. А их высокая эффективность достигается за счет применения сырья самого высокого качества, современных, научно обоснованных пропорций компонентов в каждом продукте и уникальных щадящих технологий изготовления. Этим же достигается и полная безопасность всех продуктов. Последнее подтверждено также и российскими государственными испытаниями и сертификатами. 
11;Power System - AMINO LIQUID 500 мл.;955;Power System - AMINO LIQUID 500 мл.jpg;
29;Power System - L-CARNITIN LIQUID 60000 500 мл.;822;Power System - L-CARNITIN LIQUID 60000 500 мл.jpg;
29;Power System - L-CARNITINE 20 амп.;1345;Power System - L-CARNITINE 20 амп.jpg;
29;Power System - L-CARNITINE BAR 35 г.;40;Power System - L-CARNITINE BAR 35 г.jpg;
26;Power System - LOW CALORIE DRINK 800 г.;587;Power System - LOW CALORIE DRINK 800 г.jpg;
26;Power System - MINERAL BOOSTER 800 г.;587;Power System - MINERAL BOOSTER 800 г.jpg;
4;Power System - PROFESSIONAL PROTEIN 1000 г.;1088;Power System - PROFESSIONAL PROTEIN 1000 г.jpg;
4;Power System - PROTEIN 80+ 675 г.;955;Power System - PROTEIN 80+ 675 г.jpg;
4;Power System - PROTEIN 90+ 675 г.;955;Power System - PROTEIN 90+ 675 г.jpg;
4;Power System - PROTEIN BAR 35 г.;40;Power System - PROTEIN BAR 35 г.jpg;
4;Power System - PROTEIN BAR 70 г.;90;Power System - PROTEIN BAR 70 г.jpg;
45;Power System - SHAKER 700 мл.;210;Power System - SHAKER 700 мл.jpg;
21;Power System - WEIGHT GAINER 1000 г.;770;Power System - WEIGHT GAINER 1000 г.jpg;
6;Power System - WHEY ISOLATE PROTEIN 1000 г.;1678;Power System - WHEY ISOLATE PROTEIN 1000 г.jpg;
;PROLAB ;;PROLAB.jpg;Prolab – эффективные добавки для активных людей!  Широко-признанный производитель спортивного питания, Prolab Nutrition помогает профессиональным атлетам и любителям бодибилдинга, предлагая высококачественное спортивное питание с 1989 года. Prolab Nutrition – это всегда инновации и уникальность при производстве. Продукция компании Prolab позволяет спортсменам настроить свою программу питания и поддерживать здоровый и активный образ жизни с помощью различных добавок для удовлетворения их конкретных запросов в питании. 
10;Prolab - AMINO 2000 150 таб.;688;Prolab - AMINO 2000 150 таб.jpg;
10;Prolab - AMINO 2000 325 таб.;1405;Prolab - AMINO 2000 325 таб.jpg;
10;Prolab - AMINO GELCAP 200 кап.;791;Prolab - AMINO GELCAP 200 кап.jpg;
18;Prolab - CREATINE 300 г.;432;Prolab - CREATINE 300 г.jpg;
27;Prolab - CUTS II 240 таб.;1529;Prolab - CUTS II 240 таб.jpg;
6;Prolab - WHEY PROTEIN ISOLATE 909 г.;1715;Prolab - WHEY PROTEIN ISOLATE 909 г.jpg;
;SAN ;;SAN.jpg; С 1996 года мощные добавки американской компании SAN помогают спортсменам всего мира увеличить мышечную массу, избавиться от жировых отложений и улучшить спортивные результаты. За это время компания SAN завоевала заслуженную репутацию передового производителя, потому что поставляет на рынок спортивного питания только качественные и инновационные продукты. - 
7;SAN 100% Pure Platinum Whey (909g).;нет цены;SAN 100% Pure Platinum Whey (909g).jpg;
7;SAN 100% Pure Platinum Whey (2240g).;2651;SAN 100% Pure Platinum Whey (2240g).jpg;
7;SAN 100% Pure Platinum Whey (4628g).;нет цены;SAN 100% Pure Platinum Whey (4628g).jpg;
;SAN Alcar (100 tab).;нет цены;SAN Alcar (100 tab).jpg;
16;SAN BCAA-Pro (125 caps).;1168;SAN BCAA-Pro (125 caps).jpg;
16;SAN BCAA-Pro (250 caps).;нет цены;SAN BCAA-Pro (250 caps).jpg;
45;SAN Shaker 700ml.;нет цены;SAN Shaker 700ml.jpg;
;SAN OX (180 caps).;нет цены;SAN OX (180 caps).jpg;
;SAN MyoTEST (90 caps).;нет цены;SAN MyoTEST (90 caps).jpg;
;SAN Bone Boost (160 caps).;нет цены;SAN Bone Boost (160 caps).jpg;
;SAN CM2 Alpha (240 caps).;нет цены;SAN CM2 Alpha (240 caps).jpg;
;SAN Element (875g).;нет цены;SAN Element (875g).jpg;
;SAN Element (2500g).;нет цены;SAN Element (2500g).jpg;
;SAN Fierce (850g).;нет цены;SAN Fierce (850g).jpg;
;SAN INFUSION (1200g).;нет цены;SAN INFUSION (1200g).jpg;
;SAN Lipidex (180 caps).;нет цены;SAN Lipidex (180 caps).jpg;
;SAN Liporedux (177ml).;нет цены;SAN Liporedux (177ml).jpg;
;SAN Myodrive (2410g).;нет цены;SAN Myodrive (2410g).jpg;
;SAN NAG (615g).;нет цены;SAN NAG (615g).jpg;
16;SAN BCAA-PRO 5000 (690g).;нет цены;SAN BCAA-PRO 5000 (690g).jpg;
;SAN - LAUNCH 4350 272 г.;1620;SAN - LAUNCH 4350 272 г.jpg;
;SAN Platinum Isolate Supreme (2240g).;нет цены;SAN Platinum Isolate Supreme (2240g).jpg;
21;SAN Myo Juiced (2311g).;2188;SAN Myo Juiced (2311g).jpg;
18;SAN Performance Creatine (300g).;432;SAN Performance Creatine (300g).jpg;
18;SAN Performance Creatine (600g).;810;SAN Performance Creatine (600g).jpg;
18;SAN Performance Creatine (1200g).;нет цены;SAN Performance Creatine (1200g).jpg;
14;SAN Performance Glutamine (300g).;858;SAN Performance Glutamine (300g).jpg;
27;SAN Tight! Int (90 caps).;нет цены;SAN Tight! Int (90 caps).jpg;
27;SAN - TIGHT 60 кап. ;1970;SAN - TIGHT 60 кап.jpg ;
27;SAN - TIGHT EXTREME 80 кап. ;1970;SAN - TIGHT EXTREME 80 кап.jpg ;
;SAN V-12 Magnum (1170g).;нет цены;SAN V-12 Magnum (1170g).jpg;
;SAN V-12 Turbo (625g).;нет цены;SAN V-12 Turbo (625g).jpg;
;SAN Vault (900g).;нет цены;SAN Vault (900g).jpg;
;SAN VasoFlow (180 caps).;нет цены;SAN VasoFlow (180 caps).jpg;
32;SAN - ZMA 90 кап. ;748;SAN - ZMA 90 кап.jpg ;
;SCI-FIT ;;SCI-FIT.jpg;Бренд Sci Fit («Scientific Fitnes» – «искусный фитнес», «научный фитнес») принадлежит американской компании ATF Fitness, которая занимается выпуском огромного спектра продуктов для спортсменов, включая термогеники и прогормоны с высоким качеством и гарантией. Основателем Sci Fit является Джеймс Верчелотти. 
35;Sci Fit Athletic Pak (30 pak).;1505;Sci Fit Athletic Pak (30 pak).jpg;
16;Sci Fit BCAA 1000 (400 caps).;1270;Sci Fit BCAA 1000 (400 caps).jpg;
16;Sci Fit BCAA 5000 Powder (500g).;1545;Sci Fit BCAA 5000 Powder (500g).jpg;
16;Sci Fit BCAA 5000 Powder (1000g).;нет цены;Sci Fit BCAA 5000 Powder (1000g).jpg;
16;Sci Fit  BCAA AKG 1000 90 кап.;907;Sci Fit  BCAA AKG 1000 90 кап.jpg;
16;Sci Fit  BCAA-LYN 1500 100 г.;545;Sci Fit  BCAA-LYN 1500 100 г.jpg;
16;Sci Fit  BCAA-LYN 1500 120 кап.;908;Sci Fit  BCAA-LYN 1500 120 кап.jpg;
16;Sci Fit  BCAA-LYN 1500 300 г.;1270;Sci Fit  BCAA-LYN 1500 300 г.jpg;
21;Sci Fit Be Large (4544g).;нет цены;Sci Fit Be Large (4544g).jpg;
21;Sci Fit Be Large (1817г) вкус - ваниль.;860;Sci Fit Be Large (1817г) вкус - ваниль.jpg;
25;Sci Fit Caffeine 200 mg 200 cap.;318;Sci Fit Caffeine 200 mg 200 cap.jpg;
25;Sci Fit  CAFFEINE 200MG 500 кап.;590;Sci Fit  CAFFEINE 200MG 500 кап.jpg;
41;Sci Fit Ecdysterone 300 (120 caps).;нет цены;Sci Fit Ecdysterone 300 (120 caps).jpg;
29;Sci Fit Carnitine Infusion (474ml).;нет цены;Sci Fit Carnitine Infusion (474ml).jpg;
24;Sci Fit  CAFFEINE SUPER GELS 180 кап.;545;Sci Fit  CAFFEINE SUPER GELS 180 кап.jpg;
24;Sci Fit  CAFFEINE SUPER GELS 90 кап.;320;Sci Fit  CAFFEINE SUPER GELS 90 кап.jpg;
18;Sci Fit  CREATINE 200 кап.;525;Sci Fit  CREATINE 200 кап.jpg;
18;Sci Fit  CREATINE 300 г.;454;Sci Fit  CREATINE 300 г.jpg;
18;Sci Fit  CREATINE 500 г.;680;Sci Fit  CREATINE 500 г.jpg;
19;Sci Fit  CREATINE ETHYL ESTER 240 кап.;1135;Sci Fit  CREATINE ETHYL ESTER 240 кап.jpg;
;Sci Fit  ECDYSTERONE 300MG 120 кап.;2087;Sci Fit  ECDYSTERONE 300MG 120 кап.jpg;
14;Sci Fit  GLUTAMINE 300 г.;817;Sci Fit  GLUTAMINE 300 г.jpg;
14;Sci Fit  GLUTAMINE INFUSION 5000 16 oz.;1135;Sci Fit  GLUTAMINE INFUSION 5000 16 oz.jpg;
;Sci Fit Kre Alkalyn Infusion (480ml).;нет цены;Sci Fit Kre Alkalyn Infusion (480ml).jpg;
14;Sci Fit Glutamine Infusion (480ml).;нет цены;Sci Fit Glutamine Infusion (480ml).jpg;
19;Sci Fit  KRE-ALKALYN INFUSION 16 oz.;1135;Sci Fit  KRE-ALKALYN INFUSION 16 oz.jpg;
19;Sci Fit  KRE-ALKALYN POWDER 100 г.;545;Sci Fit  KRE-ALKALYN POWDER 100 г.jpg;
19;Sci Fit Kre Alkalyn Powder (300g).;1270;Sci Fit Kre Alkalyn Powder (300g).jpg;
19;Sci Fit Kre Alkalyn Infusion (480ml).;нет цены;Sci Fit Kre Alkalyn Infusion (480ml).jpg;
19;Sci Fit Kre Alkalyn Powder (500g).;1815;Sci Fit Kre Alkalyn Powder (500g).jpg;
19;Sci Fit  KREATION 120 кап.;908;Sci Fit  KREATION 120 кап.jpg;
19;Sci Fit  KREATION 240 кап.;1588;Sci Fit  KREATION 240 кап.jpg;
19;Sci Fit  KREATION POWDER 690 г.;1815;Sci Fit  KREATION POWDER 690 г.jpg;
13;Sci Fit  L-ARGININE 500 100 кап.;388;Sci Fit  L-ARGININE 500 100 кап.jpg;
17;Sci Fit  L-CARNITINE INFUSION 16 oz.;908;Sci Fit  L-CARNITINE INFUSION 16 oz.jpg;
36;Sci Fit NITROX Infusion (480ml).;908;Sci Fit NITROX Infusion (480ml).jpg;
;Sci Fit ZMA 90 caps.;нет цены;Sci Fit ZMA 90 caps.jpg;
;Sci Fit Thermogen II EFX Soft Gels (180 softgel).;нет цены;Sci Fit Thermogen II EFX Soft Gels (180 softgel).jpg;
;SYNTRAX ;;SYNTRAX.jpg;Самое главное о Syntrax: высочайшее качество, выликолепные вкусы всей продукции компании Syntrax.
21;Syntrax - MACRO PRO 2560 г.;2002;Syntrax - MACRO PRO 2560 г.jpg;
4;Syntrax - MATRIX-2 909 г.;1160;Syntrax - MATRIX-2 909 г.jpg;
4;Syntrax - MATRIX-5 2280 г.;2707;Syntrax - MATRIX-5 2280 г.jpg;
5;Syntrax - MICELLAR CREME 950 г.;1390;Syntrax - MICELLAR CREME 950 г.jpg;
6;Syntrax - NECTAR 963 г.;1696;Syntrax - NECTAR 963 г.jpg;
7;Syntrax - WHEY SHAKE 2270 г.;2318;Syntrax - WHEY SHAKE 2270 г.jpg;
;TWINLAB ;нет цены;TWINLAB.jpg;Компания по производству спортивного питания Twinlab начала свою деятельность в 1968 году. Основателем Twinlab является Дэвид Блэкмен, имеющий 20-летний опыт в разработках фармацевтической промышленности. Именно Twinlab первой выпустила на рынок спортивного питания жидкий протеин. 
10;Twinlab Amino Fuel 1000 (60 tab).;нет цены;Twinlab Amino Fuel 1000 (60 tab).jpg;
10;Twinlab Amino Fuel 1000 (150 tab).;нет цены;Twinlab Amino Fuel 1000 (150 tab).jpg;
10;Twinlab Amino Fuel 1000 (250 tab).;нет цены;Twinlab Amino Fuel 1000 (250 tab).jpg;
10;Twinlab Amino Fuel 2000 (50 tab).;нет цены;Twinlab Amino Fuel 2000 (50 tab).jpg;
10;Twinlab Amino Fuel 2000 (150 tab).;нет цены;Twinlab Amino Fuel 2000 (150 tab).jpg;
10;Twinlab Amino Fuel Liquid - 32 Fl Oz Orange.;нет цены;Twinlab Amino Fuel Liquid - 32 Fl Oz Orange.jpg;
11;Twinlab Amino Fuel Liquid - 16 Fl Oz Orange.;757;Twinlab Amino Fuel Liquid - 16 Fl Oz Orange.jpg;
11;Twinlab Amino Fuel Liquid (948ml) Naturally Flavored Sweetened.;нет цены;Twinlab Amino Fuel Liquid (948ml) Naturally Flavored Sweetened.jpg;
11;Twinlab Amino Fuel Liquid (474ml) Original.;нет цены;Twinlab Amino Fuel Liquid (474ml) Original.jpg;
11;Twinlab Amino Fuel Liquid (948ml) Original.;нет цены;Twinlab Amino Fuel Liquid (948ml) Original.jpg;
16;Twinlab BCAA Fuel (180 tab).;нет цены;Twinlab BCAA Fuel (180 tab).jpg;
35;Twinlab Calcium 500 Tabs with Magnesium and Vitamin D (180 tab).;нет цены;Twinlab Calcium 500 Tabs with Magnesium and Vitamin D (180 tab).jpg;
10;Twinlab Cher-Amino Protein (960ml).;нет цены;Twinlab Cher-Amino Protein (960ml).jpg;
34;Twinlab Flax Fish Combo Oil (120 softgels).;нет цены;Twinlab Flax Fish Combo Oil (120 softgels).jpg;
34;Twinlab Omega-3 Fish Oil 1000mg (100 softgel).;нет цены;Twinlab Omega-3 Fish Oil 1000mg (100 softgel).jpg;
;Twinlab Grape Seed Extract (60 caps) 50mg.;нет цены;Twinlab Grape Seed Extract (60 caps) 50mg.jpg;
;Twinlab Grape Seed Extract (60 caps) 100mg.;нет цены;Twinlab Grape Seed Extract (60 caps) 100mg.jpg;
;Twinlab Joint Fuel (480ml).;нет цены;Twinlab Joint Fuel (480ml).jpg;
;Twinlab Grape Seed Extract (60 caps) 50mg.;нет цены;Twinlab Grape Seed Extract (60 caps) 50mg.jpg;
;Twinlab Grape Seed Extract (60 caps) 100mg.;нет цены;Twinlab Grape Seed Extract (60 caps) 100mg.jpg;
;Twinlab Super CoQ10 (60 caps).;нет цены;Twinlab Super CoQ10 (60 caps).jpg;
27;Twinlab - BROMELAIN 60 кап.;540;Twinlab - BROMELAIN 60 кап.jpg;
35;Twinlab - CHROMIUM PICOLINATE 200 кап.;597;Twinlab - CHROMIUM PICOLINATE 200 кап.jpg;
18;Twinlab - CREATINE FUEL 300 г.;478;Twinlab - CREATINE FUEL 300 г.jpg;
35;Twinlab - DAILY ONE 180 кап.;1316;Twinlab - DAILY ONE 180 кап.jpg;
35;Twinlab - DAILY ONE 60 кап.;636;Twinlab - DAILY ONE 60 кап.jpg;
35;Twinlab - DAILY ONE 90 кап.;890;Twinlab - DAILY ONE 90 кап.jpg;
35;Twinlab DUALTABS (100 tabs).;809;Twinlab DUALTABS (100 tabs).jpg;
35;Twinlab DUALTABS (200 tabs).;нет цены;Twinlab DUALTABS (200 tabs).jpg;
;Twinlab E-200 Caps 200mg (100 caps).;нет цены;Twinlab E-200 Caps 200mg (100 caps).jpg;
13;Twinlab L-Arginine L-Ornithine (100 caps).;791;Twinlab L-Arginine L-Ornithine (100 caps).jpg;
13;Twinlab L-Arginine (100 caps).;568;Twinlab L-Arginine (100 caps).jpg;
29;Twinlab - L-CARNITINE 60 кап.;785;Twinlab - L-CARNITINE 60 кап.jpg;
46;Twinlab - L-PHENYLALANINE 500MG 60 кап.;487;Twinlab - L-PHENYLALANINE 500MG 60 кап.jpg;
15;Twinlab L-Tyrosine (100 caps).;450;Twinlab L-Tyrosine (100 caps).jpg;
35;Twinlab - MAGNESIUM 100 кап.;353;Twinlab - MAGNESIUM 100 кап.jpg;
14;Twinlab - MEGA GLUTAMINE FUEL 120 кап.;1060;Twinlab - MEGA GLUTAMINE FUEL 120 кап.jpg;
37;Twinlab - MEGA TAURINE 50 кап.;315;Twinlab - MEGA TAURINE 50 кап.jpg;
35;Twinlab - MEN'S ULTRA DAILY 120 кап.;1059;Twinlab - MEN'S ULTRA DAILY 120 кап.jpg;
35;Twinlab Multi Mineral Caps (180 caps).;630;Twinlab Multi Mineral Caps (180 caps).jpg;
35;Twinlab Stress B-complex (100 caps).;567;Twinlab Stress B-complex (100 caps).jpg;
21;Twinlab Super Gainers Fuel Pro (4,7kg).;2677;Twinlab Super Gainers Fuel Pro (4,7kg).jpg;
7;Twinlab 100% Whey Protein Fuel (2268g).;2559;Twinlab 100% Whey Protein Fuel (2268g).jpg;
7;Twinlab 100% Whey Protein Fuel (907g).;нет цены;Twinlab 100% Whey Protein Fuel (907g).jpg;
7;Twinlab - WHEY PROTEIN 454 г.;598;Twinlab - WHEY PROTEIN 454 г.jpg;
35;Twinlab - WOMEN'S ULTRA MULTI DAILY 120 кап.;943;Twinlab - WOMEN'S ULTRA MULTI DAILY 120 кап.jpg;
35;Twinlab - ZINC 30MG 100 кап.;213;Twinlab - ZINC 30MG 100 кап.jpg;
32;Twinlab - ZMA 90 кап.;855;Twinlab - ZMA 90 кап.jpg;
;ULTIMATE NUTRITION ;нет цены;ULTIMATE NUTRITION.jpg;Производитель спортивного питания Ultimate Nutritionпоявился на рынке в 1979 году. Основателем этой компании является американский биохимик-пауэрлифтер Виктор Рубино. Чтобы стать сильнее, выносливее и добиться хороших результатов в своём виде спорта, Виктор решил запустить собственную линию пищевых добавок для спортсменов. Его главная цель была изобрести добавки высокого качества по доступной для всех
10;Ultimate Nutrition 100% Prostar Whey Protein (907g).;нет цены;Ultimate Nutrition 100% Prostar Whey Protein (907g).jpg;
10;Ultimate Nutrition 100% Prostar Whey Protein (2390g).;нет цены;Ultimate Nutrition 100% Prostar Whey Protein (2390g).jpg;
10;Ultimate Nutrition 100% Prostar Whey Protein (4540g).;нет цены;Ultimate Nutrition 100% Prostar Whey Protein (4540g).jpg;
10;Ultimate Nutrition Amino 2000 (330 tab).;нет цены;Ultimate Nutrition Amino 2000 (330 tab).jpg;
10;Ultimate Nutrition Amino Gold formula 1000mg (250 tab).;нет цены;Ultimate Nutrition Amino Gold formula 1000mg (250 tab).jpg;
13;Ultimate Nutrition Arginine Ornithine Lysine (100 caps).;нет цены;Ultimate Nutrition Arginine Ornithine Lysine (100 caps).jpg;
16;Ultimate Nutrition BCAA 12000 Powder (400g).;нет цены;Ultimate Nutrition BCAA 12000 Powder (400g).jpg;
11;Ultimate Nutrition Carnitine Liquid 2000 (355 ml).;нет цены;Ultimate Nutrition Carnitine Liquid 2000 (355 ml).jpg;
18;Ultimate Nutrition Creatine Monohydrate (200 caps).;нет цены;Ultimate Nutrition Creatine Monohydrate (200 caps).jpg;
18;Ultimate Nutrition Creatine Monohydrate (300g).;нет цены;Ultimate Nutrition Creatine Monohydrate (300g).jpg;
18;Ultimate Nutrition Creatine Monohydrate (1000g).;нет цены;Ultimate Nutrition Creatine Monohydrate (1000g).jpg;
;Ultimate Nutrition IsoCool (907g).;нет цены;Ultimate Nutrition IsoCool (907g).jpg;
33;Ultimate Nutrition Glucosamine Chondroitin (60 tab).;нет цены;Ultimate Nutrition Glucosamine Chondroitin (60 tab).jpg;
33;Ultimate Nutrition Glucosamine Chondroitin MSM (90 tab).;нет цены;Ultimate Nutrition Glucosamine Chondroitin MSM (90 tab).jpg;
33;Ultimate Nutrition Glucosamine MSM (60 tab).;нет цены;Ultimate Nutrition Glucosamine MSM (60 tab).jpg;
14;Ultimate Nutrition Glutapure (300 caps).;нет цены;Ultimate Nutrition Glutapure (300 caps).jpg;
14;Ultimate Nutrition Glutapure (1000g).;нет цены;Ultimate Nutrition Glutapure (1000g).jpg;
;Ultimate Nutrition Inosine 500mg (100 caps).;нет цены;Ultimate Nutrition Inosine 500mg (100 caps).jpg;
;Ultimate Nutrition IsoCool (2270g).;нет цены;Ultimate Nutrition IsoCool (2270g).jpg;
;Ultimate Nutrition Iso Mass Xtreme Gainer (4590g).;нет цены;Ultimate Nutrition Iso Mass Xtreme Gainer (4590g).jpg;
;Ultimate Nutrition Isopreme (2270g).;нет цены;Ultimate Nutrition Isopreme (2270g).jpg;
;Ultimate Nutrition Iso Sensation 93 (2,27kg) 5lb.;нет цены;Ultimate Nutrition Iso Sensation 93 (2,27kg) 5lb.jpg;
;Ultimate Nutrition Iso Sensation 93 (910g) 2lb.;нет цены;Ultimate Nutrition Iso Sensation 93 (910g) 2lb.jpg;
;Ultimate Nutrition Magic Milk (2270g).;нет цены;Ultimate Nutrition Magic Milk (2270g).jpg;
;Ultimate Nutrition Massive Whey Gainer 2кг.;нет цены;Ultimate Nutrition Massive Whey Gainer 2кг.jpg;
;Ultimate Nutrition Massive Whey Gainer (4250g).;нет цены;Ultimate Nutrition Massive Whey Gainer (4250g).jpg;
;Ultimate Nutrition Omega-3 1000mg (90 softgels).;нет цены;Ultimate Nutrition Omega-3 1000mg (90 softgels).jpg;
;Ultimate Nutrition Omega-3 1000mg (180 softgels).;нет цены;Ultimate Nutrition Omega-3 1000mg (180 softgels).jpg;
10;Ultimate Nutrition AminoBolic (210 caps).;1471;Ultimate Nutrition AminoBolic (210 caps).jpg;
38;Ultimate Nutrition - ANTIOXIDANT FORMULA 50 таб.;651;Ultimate Nutrition - ANTIOXIDANT FORMULA 50 таб.jpg;
10;Ultimate Nutrition - ARGININE / ORNITINE / LYSINE 100 кап.;583;Ultimate Nutrition - ARGININE / ORNITINE / LYSINE 100 кап.jpg;
13;Ultimate Nutrition - ARGININE 100 кап.;583;Ultimate Nutrition - ARGININE 100 кап.jpg;
16;Ultimate Nutrition BCAA Softgels (180 softgels).;1630;Ultimate Nutrition BCAA Softgels (180 softgels).jpg;
37;Ultimate Nutrition Coenzyme Q10 (30 caps).;895;Ultimate Nutrition Coenzyme Q10 (30 caps).jpg;
18;Ultimate Nutrition - CREA PURE 200 кап.;716;Ultimate Nutrition - CREA PURE 200 кап.jpg;
18;Ultimate Nutrition - CREATINE 1000 г.;1342;Ultimate Nutrition - CREATINE 1000 г.jpg;
18;Ultimate Nutrition - CREATINE 300 г.;482;Ultimate Nutrition - CREATINE 300 г.jpg;
35;Ultimate Nutrition Daily Complete Formula (180 tab).;751;Ultimate Nutrition Daily Complete Formula (180 tab).jpg;
33;Ultimate Nutrition - GLUCOSAMINE & CHONDROITIN 60 таб.;555;Ultimate Nutrition - GLUCOSAMINE & CHONDROITIN 60 таб.jpg;
33;Ultimate Nutrition - GLUCOSAMINE SULFATE 120 кап.;632;Ultimate Nutrition - GLUCOSAMINE SULFATE 120 кап.jpg;
33;Ultimate Nutrition - GLUCOSAMINE/CHONDROITIN/MSM 90 таб.;586;Ultimate Nutrition - GLUCOSAMINE/CHONDROITIN/MSM 90 таб.jpg;
14;Ultimate Nutrition - GLUTAMINE 400 г.;976;Ultimate Nutrition - GLUTAMINE 400 г.jpg;
14;Ultimate Nutrition - GLUTAPURE 300 кап.;966;Ultimate Nutrition - GLUTAPURE 300 кап.jpg;
36;Ultimate Nutrition - HORSE POWER 1000 г.;1952;Ultimate Nutrition - HORSE POWER 1000 г.jpg;
19;Ultimate Nutrition Kre-Alkalyn (120 caps).;нет цены;Ultimate Nutrition Kre-Alkalyn (120 caps).jpg;
19;Ultimate Nutrition - KRE-ALKALYN 30 кап.;349;Ultimate Nutrition - KRE-ALKALYN 30 кап.jpg;
29;Ultimate Nutrition L-Carnitine 1000 (30 tab).;714;Ultimate Nutrition L-Carnitine 1000 (30 tab).jpg;
29;Ultimate Nutrition L-Carnitine 300 (60 tab).;681;Ultimate Nutrition L-Carnitine 300 (60 tab).jpg;
37;Ultimate Nutrition - MELATONIN 60 кап.;220;Ultimate Nutrition - MELATONIN 60 кап.jpg;
21;Ultimate Nutrition Muscle Juice 2544 (2250g).;1259;Ultimate Nutrition Muscle Juice 2544 (2250g).jpg;
21;Ultimate Nutrition Muscle Juice 2544 (4745g).;2460;Ultimate Nutrition Muscle Juice 2544 (4745g).jpg;
21;Ultimate Nutrition Muscle Juice 2544 (6000g).;;Ultimate Nutrition Muscle Juice 2544 (6000g).jpg;
21;Ultimate Nutrition - MUSCLE JUICE REVOLUTION 2120 г.;1358;Ultimate Nutrition - MUSCLE JUICE REVOLUTION 2120 г.jpg;
21;Ultimate Nutrition Muscle Juice Revolution 2600 (5kg).;2779;Ultimate Nutrition Muscle Juice Revolution 2600 (5kg).jpg;
27;Ultimate Nutrition - RED ZONE 120 кап.;1743;Ultimate Nutrition - RED ZONE 120 кап.jpg;
35;Ultimate Nutrition Vitamin C (120 tab).;438;Ultimate Nutrition Vitamin C (120 tab).jpg;
10;Ultimate Nutrition Whey Supreme (907g).;1076;Ultimate Nutrition Whey Supreme (907g).jpg;
10;Ultimate Nutrition Whey Supreme (2270g).;нет цены;Ultimate Nutrition Whey Supreme (2270g).jpg;
10;Ultimate Nutrition Xtreme Amino (330 tab).;1205;Ultimate Nutrition Xtreme Amino (330 tab).jpg;
45;Ultimate Nutrition Shaker The Future of Sports Nutrition.;нет цены;Ultimate Nutrition Shaker The Future of Sports Nutrition.jpg;
;UNIVERSAL NUTRITION ;;UNIVERSAL NUTRITION.jpg;Universal Nutrition – американская компания-производитель спортивного питания, которая появилась на рынке в 1980 году. Universal Nutrition начала быстро набирать обороты и в скором времени превратилась в одну из самых крупнейших компаний в США. 
10;Universal Nutrition - AMINO 1900 325 таб.;1303;Universal Nutrition - AMINO 1900 325 таб.jpg;
10;Universal Nutrition Amino 2700 (120 tab).;нет цены;Universal Nutrition Amino 2700 (120 tab).jpg;
10;Universal Nutrition Amino 2700 (350 tab).;1431;Universal Nutrition Amino 2700 (350 tab).jpg;
10;Universal Nutrition Amino 2700 (700 tab).;2444;Universal Nutrition Amino 2700 (700 tab).jpg;
10;Universal Nutrition Amino Tech (375 tab).;нет цены;Universal Nutrition Amino Tech (375 tab).jpg;
33;Universal Nutrition Animal Flex (44 pac).;1557;Universal Nutrition Animal Flex (44 pac).jpg;
32;Universal Nutrition - ANIMAL M-STAK 21 уп.;2189;Universal Nutrition - ANIMAL M-STAK 21 уп.jpg;
35;Universal Nutrition Animal Pak (15 pac).;936;Universal Nutrition Animal Pak (15 pac).jpg;
35;Universal Nutrition Animal Pak (44 pac).;1900;Universal Nutrition Animal Pak (44 pac).jpg;
24;Universal Nutrition Animal Pump (30 pac).;2116;Universal Nutrition Animal Pump (30 pac).jpg;
;Universal Nutrition Animal Cuts (42 pac).;нет цены;Universal Nutrition Animal Cuts (42 pac).jpg;
;Universal Nutrition Animal M-Stak (21 pac).;нет цены;Universal Nutrition Animal M-Stak (21 pac).jpg;
;Universal Nutrition Animal Nitro (44 pac).;нет цены;Universal Nutrition Animal Nitro (44 pac).jpg;
;Universal Nutrition Animal Omega (30 pac).;нет цены;Universal Nutrition Animal Omega (30 pac).jpg;
35;Universal Nutrition - B-COMPLEX 100 таб.;370;Universal Nutrition - B-COMPLEX 100 таб.jpg;
16;Universal Nutrition BCAA 2000 (120 cap).;818;Universal Nutrition BCAA 2000 (120 cap).jpg;
16;Universal Nutrition BCAA Stack (250g).;960;Universal Nutrition BCAA Stack (250g).jpg;
16;Universal Nutrition BCAA Stack (1000g).;нет цены;Universal Nutrition BCAA Stack (1000g).jpg;
10;Universal Nutrition - BEEF AMINO 200 таб.;500;Universal Nutrition - BEEF AMINO 200 таб.jpg;
10;Universal Nutrition - BEEF AMINO 400 таб.;868;Universal Nutrition - BEEF AMINO 400 таб.jpg;
18;Universal Nutrition Creatine Capsules (100 caps).;нет цены;Universal Nutrition Creatine Capsules (100 caps).jpg;
18;Universal Nutrition Creatine Powder (1kg).;1448;Universal Nutrition Creatine Powder (1kg).jpg;
16;Universal Nutrition BCAA Stack (250g).;нет цены;Universal Nutrition BCAA Stack (250g).jpg;
18;Universal Nutrition - CREATINE 200 г.;294;Universal Nutrition - CREATINE 200 г.jpg;
18;Universal Nutrition Creatine Powder (300g).;538;Universal Nutrition Creatine Powder (300g).jpg;
18;Universal Nutrition Creatine Powder (500g).;777;Universal Nutrition Creatine Powder (500g).jpg;
35;Universal Nutrition Daily Formula (100 tab).;375;Universal Nutrition Daily Formula (100 tab).jpg;
21;Universal Nutrition Gain Fast 3100 (2300g 5.1lb).;1200;Universal Nutrition Gain Fast 3100 (2300g 5.jpg1lb).jpg;
21;Universal Nutrition Gain Fast 3100 (4550g 10lb).;2493;Universal Nutrition Gain Fast 3100 (4550g 10lb).jpg;
14;Universal Nutrition Glutamine (600g).;;Universal Nutrition Glutamine (600g).jpg;
14;Universal Nutrition Glutamine (300g).;894;Universal Nutrition Glutamine (300g).jpg;
41;Universal Nutrition Natural Sterol Complex (180 tab).;1432;Universal Nutrition Natural Sterol Complex (180 tab).jpg;
41;Universal Nutrition Natural Sterol Complex (90 tab).;796;Universal Nutrition Natural Sterol Complex (90 tab).jpg;
21;Universal Nutrition Real Gains (1762g 3.81lb).;1111;Universal Nutrition Real Gains (1762g 3.jpg81lb).jpg;
21;Universal Nutrition Real Gains (3200g 6.85lb).;;Universal Nutrition Real Gains (3200g 6.jpg85lb).jpg;
36;Universal Nutrition Shock Therapy (1000g).;1652;Universal Nutrition Shock Therapy (1000g).jpg;
20;Universal Nutrition Storm (759g).;1988;Universal Nutrition Storm (759g).jpg;
24;Universal Nutrition Torrent (2770g).;;Universal Nutrition Torrent (2770g).jpg;
24;Universal Nutrition Torrent (1480g).;;Universal Nutrition Torrent (1480g).jpg;
24;Universal Nutrition - TORRENT 1161 г.;1595;Universal Nutrition - TORRENT 1161 г.jpg;
7;Universal Nutrition Ultra Whey Pro (2270g).;;Universal Nutrition Ultra Whey Pro (2270g).jpg;
7;Universal Nutrition - ULTRA WHEY PRO 909 г.;1146;Universal Nutrition - ULTRA WHEY PRO 909 г.jpg;
10;Universal Nutrition - UNI-LIVER 250 таб.;657;Universal Nutrition - UNI-LIVER 250 таб.jpg;
10;Universal Nutrition - UNI-LIVER 500 таб.;1215;Universal Nutrition - UNI-LIVER 500 таб.jpg;
35;Universal Nutrition Vitamin E 1000 (50 softgels).;;Universal Nutrition Vitamin E 1000 (50 softgels).jpg;
35;Universal Nutrition - VITAMIN-E FORMULA 100 кап.;342;Universal Nutrition - VITAMIN-E FORMULA 100 кап.jpg;
35;Universal Nutrition - VITAMINE-C 100 таб.;227;Universal Nutrition - VITAMINE-C 100 таб.jpg;
32;Universal Nutrition ZMA Pro (90 caps).;856;Universal Nutrition ZMA Pro (90 caps).jpg;
;USPLABS ;;USPLABS.jpg;Все началось в Техасе в середине 1990х, когда Джейкоб Гайслер, студент факультета Nutrition Техасского университета A&M начал всестороннее изучение натуральных растительных соединений. Позже, с помощью экспертов в области спортивного питания, Джейкоб начал поиск безопасных, натуральных смесей, которые смогли бы поднять результаты, внешний вид и жизнь спортсменов вне тренировок на более высокий уровень. Открытия были потрясающими. Такие технологии, как HPLC и Bio-Assayed Extraction оказались настоящими научными прорывами!
36;USPlabs - JACK3D 250 г.;1941;USPlabs - JACK3D 250 г.jpg;
;WEIDER (ГЕРМАНИЯ) ;;WEIDER (ГЕРМАНИЯ).jpg;"История компании  Weider

Наследие Международного Лидерства. В течение почти 70 лет основоположник компании Джо Вейдер, ""Основной Взрыватель"" и его марка Weider® обучали людей всего мира бодибилдингу, во всех его аспектах.

Weider® зарабатывал доверие сознательных здоровых людей в течение более чем половины столетия. Компания Weider®  сумела поднять качество и эффективность продуктов выше всего остального.

На сегодняшний день, название Weider®  созвучно словам здоровье, качество, эффективность во всем мире. Иинформация, продукты и услуги марки Weider продаются в более чем 120 странах.

Марка Weider

Марка Weider - одна из наиболее признанных марок на рынке спортивного питания. С 1936, марка Weider работает в США и во всем мире. Компания Weider работает с печатными изданиями, участвует в спортивных событиях, выпускает оборудование и спортивное питание"
10;Weider GER   ARGININE X-PLODE 500 г.;1386;Weider GER   ARGININE X-PLODE 500 г.jpg;
41;Weider GER   BETA ECDYSTERONE 84 кап.;;Weider GER   BETA ECDYSTERONE 84 кап.jpg;
41;Weider GER - BETA ECDYSTERONE 150 кап.;2087;Weider GER - BETA ECDYSTERONE 150 кап.jpg;
4;Weider GER   FORMULA 90 750 г.;1474;Weider GER   FORMULA 90 750 г.jpg;
7;Weider GER - GOLD WHEY PROTEIN 908 г.;1746;Weider GER - GOLD WHEY PROTEIN 908 г.jpg;
14;Weider GER - L- GLUTAMINE 400 г.;1464;Weider GER - L- GLUTAMINE 400 г.jpg;
13;Weider GER - L-ARGININE 100 кап.;1198;Weider GER - L-ARGININE 100 кап.jpg;
21;Weider GER - MEGA MASS 2000 1500 г.;1360;Weider GER - MEGA MASS 2000 1500 г.jpg;
21;Weider GER - MEGA MASS 2000 3000 г.;2092;Weider GER - MEGA MASS 2000 3000 г.jpg;
21;Weider GER - MEGA MASS 2000 5000 г.;3243;Weider GER - MEGA MASS 2000 5000 г.jpg;
21;Weider GER - MEGA MASS 4000 3000 г.;2191;Weider GER - MEGA MASS 4000 3000 г.jpg;
21;Weider GER   MEGA MASS 4000 7000 г.;4027;Weider GER   MEGA MASS 4000 7000 г.jpg;
35;Weider GER - MULTI VITA + B COMPLEX 90 кап.;654;Weider GER - MULTI VITA + B COMPLEX 90 кап.jpg;
4;Weider GER - PROTEIN 80 750 г.;1470;Weider GER - PROTEIN 80 750 г.jpg;
10;Weider GER - PURE AMINO EGG 300 кап.;1356;Weider GER - PURE AMINO EGG 300 кап.jpg;
45;Weider GER   SHAKER BLACK 700 мл.;246;Weider GER   SHAKER BLACK 700 мл.jpg;
32;Weider GER - TESTO X-PLODE 120 кап.;1345;Weider GER - TESTO X-PLODE 120 кап.jpg;
10;Weider GER - WHEY AMINO CAPS 280 кап.;1813;Weider GER - WHEY AMINO CAPS 280 кап.jpg;
;Nutrisport;;Nutrisport;none
4;Nutrisport - MILK PROTEIN 1000 г.;185;Nutrisport - MILK PROTEIN 1000 г.jpg;
7;Nutrisport - WHEY PROTEIN 1000 г.;185;Nutrisport - WHEY PROTEIN 1000 г.jpg;
4;Nutrisport - ГУЛЛИВЕР 1000 г.;145;Nutrisport - ГУЛЛИВЕР 1000 г.jpg;
4;Nutrisport - ГУЛЛИВЕР С КРЕАТИНОМ 1000 г.;189;Nutrisport - ГУЛЛИВЕР С КРЕАТИНОМ 1000 г.jpg;
;АКСЕССУАРЫ ;;acsessuars.jpg;none
44;FLEX 1  ;86;FLEX 1  ;
44;HARDNESS 1  ;168;HARDNESS 1  ;
44;MUSCLE & FITNESS 1  ;185;MUSCLE & FITNESS 1  ;
44;ГЕРКУЛЕСЪ 1  ;118;ГЕРКУЛЕСЪ 1  ;
44;ЖЕЛЕЗНЫЙ МИР 1  ;200;ЖЕЛЕЗНЫЙ МИР 1  ;
48;Bison - ЛЯМКИ WLA 177;343;Bison - ЛЯМКИ WLA 177;
48;Bison - ЛЯМКИ С ШИРОКИМИ КРЮКАМИ WLA 182;533;Bison - ЛЯМКИ С ШИРОКИМИ КРЮКАМИ WLA 182;
44;ОБЗОР СПОРТИВНОГО ПИТАНИЯ ;114;ОБЗОР СПОРТИВНОГО ПИТАНИЯ ;
49;Bison - ПЕРЧАТКИ CK-4;288;Bison - ПЕРЧАТКИ CK-4;
49;Bison - ПЕРЧАТКИ WL 101;343;Bison - ПЕРЧАТКИ WL 101;
49;Bison - ПЕРЧАТКИ WL 106;343;Bison - ПЕРЧАТКИ WL 106;
49;Bison - ПЕРЧАТКИ WL 118;337;Bison - ПЕРЧАТКИ WL 118;
49;Bison - ПЕРЧАТКИ WL 120A;337;Bison - ПЕРЧАТКИ WL 120A;
49;Bison - ПЕРЧАТКИ WL 131;252;Bison - ПЕРЧАТКИ WL 131;
49;Bison - ПЕРЧАТКИ WL 161;343;Bison - ПЕРЧАТКИ WL 161;
44;ТИТАНЫ МАССЫ 1  ;404;ТИТАНЫ МАССЫ 1  ;
